user_id,password,is_superuser
002000,Aa123456,FALSE
002001,Aa123456,FALSE
002002,Aa123456,FALSE
002003,Aa123456,FALSE
002004,Aa123456,FALSE
002005,Aa123456,FALSE
002006,Aa123456,FALSE
002007,Aa123456,FALSE
002008,Aa123456,FALSE
002009,Aa123456,FALSE
002010,Aa123456,FALSE
002011,Aa123456,FALSE
002012,Aa123456,FALSE
002013,Aa123456,FALSE
002014,Aa123456,FALSE
002015,Aa123456,FALSE
002016,Aa123456,FALSE
002017,Aa123456,FALSE
002018,Aa123456,FALSE
002019,Aa123456,FALSE
002020,Aa123456,FALSE
002021,Aa123456,FALSE
002022,Aa123456,FALSE
002023,Aa123456,FALSE
002024,Aa123456,FALSE
002025,Aa123456,FALSE
002026,Aa123456,FALSE
002027,Aa123456,FALSE
002028,Aa123456,FALSE
002029,Aa123456,FALSE
002030,Aa123456,FALSE
002031,Aa123456,FALSE
002032,Aa123456,FALSE
002033,Aa123456,FALSE
002034,Aa123456,FALSE
002035,Aa123456,FALSE
002036,Aa123456,FALSE
002037,Aa123456,FALSE
002038,Aa123456,FALSE
002039,Aa123456,FALSE
002040,Aa123456,FALSE
002041,Aa123456,FALSE
002042,Aa123456,FALSE
002043,Aa123456,FALSE
002044,Aa123456,FALSE
002045,Aa123456,FALSE
002046,Aa123456,FALSE
002047,Aa123456,FALSE
002048,Aa123456,FALSE
002049,Aa123456,FALSE
002050,Aa123456,FALSE
002051,Aa123456,FALSE
002052,Aa123456,FALSE
002053,Aa123456,FALSE
002054,Aa123456,FALSE
002055,Aa123456,FALSE
002056,Aa123456,FALSE
002057,Aa123456,FALSE
002058,Aa123456,FALSE
002059,Aa123456,FALSE
002060,Aa123456,FALSE
002061,Aa123456,FALSE
002062,Aa123456,FALSE
002063,Aa123456,FALSE
002064,Aa123456,FALSE
002065,Aa123456,FALSE
002066,Aa123456,FALSE
002067,Aa123456,FALSE
002068,Aa123456,FALSE
002069,Aa123456,FALSE
002070,Aa123456,FALSE
002071,Aa123456,FALSE
002072,Aa123456,FALSE
002073,Aa123456,FALSE
002074,Aa123456,FALSE
002075,Aa123456,FALSE
002076,Aa123456,FALSE
002077,Aa123456,FALSE
002078,Aa123456,FALSE
002079,Aa123456,FALSE
002080,Aa123456,FALSE
002081,Aa123456,FALSE
002082,Aa123456,FALSE
002083,Aa123456,FALSE
002084,Aa123456,FALSE
002085,Aa123456,FALSE
002086,Aa123456,FALSE
002087,Aa123456,FALSE
002088,Aa123456,FALSE
002089,Aa123456,FALSE
002090,Aa123456,FALSE
002091,Aa123456,FALSE
002092,Aa123456,FALSE
002093,Aa123456,FALSE
002094,Aa123456,FALSE
002095,Aa123456,FALSE
002096,Aa123456,FALSE
002097,Aa123456,FALSE
002098,Aa123456,FALSE
002099,Aa123456,FALSE
002100,Aa123456,FALSE
002101,Aa123456,FALSE
002102,Aa123456,FALSE
002103,Aa123456,FALSE
002104,Aa123456,FALSE
002105,Aa123456,FALSE
002106,Aa123456,FALSE
002107,Aa123456,FALSE
002108,Aa123456,FALSE
002109,Aa123456,FALSE
002110,Aa123456,FALSE
002111,Aa123456,FALSE
002112,Aa123456,FALSE
002113,Aa123456,FALSE
002114,Aa123456,FALSE
002115,Aa123456,FALSE
002116,Aa123456,FALSE
002117,Aa123456,FALSE
002118,Aa123456,FALSE
002119,Aa123456,FALSE
002120,Aa123456,FALSE
002121,Aa123456,FALSE
002122,Aa123456,FALSE
002123,Aa123456,FALSE
002124,Aa123456,FALSE
002125,Aa123456,FALSE
002126,Aa123456,FALSE
002127,Aa123456,FALSE
002128,Aa123456,FALSE
002129,Aa123456,FALSE
002130,Aa123456,FALSE
002131,Aa123456,FALSE
002132,Aa123456,FALSE
002133,Aa123456,FALSE
002134,Aa123456,FALSE
002135,Aa123456,FALSE
002136,Aa123456,FALSE
002137,Aa123456,FALSE
002138,Aa123456,FALSE
002139,Aa123456,FALSE
002140,Aa123456,FALSE
002141,Aa123456,FALSE
002142,Aa123456,FALSE
002143,Aa123456,FALSE
002144,Aa123456,FALSE
002145,Aa123456,FALSE
002146,Aa123456,FALSE
002147,Aa123456,FALSE
002148,Aa123456,FALSE
002149,Aa123456,FALSE
002150,Aa123456,FALSE
002151,Aa123456,FALSE
002152,Aa123456,FALSE
002153,Aa123456,FALSE
002154,Aa123456,FALSE
002155,Aa123456,FALSE
002156,Aa123456,FALSE
002157,Aa123456,FALSE
002158,Aa123456,FALSE
002159,Aa123456,FALSE
002160,Aa123456,FALSE
002161,Aa123456,FALSE
002162,Aa123456,FALSE
002163,Aa123456,FALSE
002164,Aa123456,FALSE
002165,Aa123456,FALSE
002166,Aa123456,FALSE
002167,Aa123456,FALSE
002168,Aa123456,FALSE
002169,Aa123456,FALSE
002170,Aa123456,FALSE
002171,Aa123456,FALSE
002172,Aa123456,FALSE
002173,Aa123456,FALSE
002174,Aa123456,FALSE
002175,Aa123456,FALSE
002176,Aa123456,FALSE
002177,Aa123456,FALSE
002178,Aa123456,FALSE
002179,Aa123456,FALSE
002180,Aa123456,FALSE
002181,Aa123456,FALSE
002182,Aa123456,FALSE
002183,Aa123456,FALSE
002184,Aa123456,FALSE
002185,Aa123456,FALSE
002186,Aa123456,FALSE
002187,Aa123456,FALSE
002188,Aa123456,FALSE
002189,Aa123456,FALSE
002190,Aa123456,FALSE
002191,Aa123456,FALSE
002192,Aa123456,FALSE
002193,Aa123456,FALSE
002194,Aa123456,FALSE
002195,Aa123456,FALSE
002196,Aa123456,FALSE
002197,Aa123456,FALSE
002198,Aa123456,FALSE
002199,Aa123456,FALSE
002200,Aa123456,FALSE
002201,Aa123456,FALSE
002202,Aa123456,FALSE
002203,Aa123456,FALSE
002204,Aa123456,FALSE
002205,Aa123456,FALSE
002206,Aa123456,FALSE
002207,Aa123456,FALSE
002208,Aa123456,FALSE
002209,Aa123456,FALSE
002210,Aa123456,FALSE
002211,Aa123456,FALSE
002212,Aa123456,FALSE
002213,Aa123456,FALSE
002214,Aa123456,FALSE
002215,Aa123456,FALSE
002216,Aa123456,FALSE
002217,Aa123456,FALSE
002218,Aa123456,FALSE
002219,Aa123456,FALSE
002220,Aa123456,FALSE
002221,Aa123456,FALSE
002222,Aa123456,FALSE
002223,Aa123456,FALSE
002224,Aa123456,FALSE
002225,Aa123456,FALSE
002226,Aa123456,FALSE
002227,Aa123456,FALSE
002228,Aa123456,FALSE
002229,Aa123456,FALSE
002230,Aa123456,FALSE
002231,Aa123456,FALSE
002232,Aa123456,FALSE
002233,Aa123456,FALSE
002234,Aa123456,FALSE
002235,Aa123456,FALSE
002236,Aa123456,FALSE
002237,Aa123456,FALSE
002238,Aa123456,FALSE
002239,Aa123456,FALSE
002240,Aa123456,FALSE
002241,Aa123456,FALSE
002242,Aa123456,FALSE
002243,Aa123456,FALSE
002244,Aa123456,FALSE
002245,Aa123456,FALSE
002246,Aa123456,FALSE
002247,Aa123456,FALSE
002248,Aa123456,FALSE
002249,Aa123456,FALSE
002250,Aa123456,FALSE
002251,Aa123456,FALSE
002252,Aa123456,FALSE
002253,Aa123456,FALSE
002254,Aa123456,FALSE
002255,Aa123456,FALSE
002256,Aa123456,FALSE
002257,Aa123456,FALSE
002258,Aa123456,FALSE
002259,Aa123456,FALSE
002260,Aa123456,FALSE
002261,Aa123456,FALSE
002262,Aa123456,FALSE
002263,Aa123456,FALSE
002264,Aa123456,FALSE
002265,Aa123456,FALSE
002266,Aa123456,FALSE
002267,Aa123456,FALSE
002268,Aa123456,FALSE
002269,Aa123456,FALSE
002270,Aa123456,FALSE
002271,Aa123456,FALSE
002272,Aa123456,FALSE
002273,Aa123456,FALSE
002274,Aa123456,FALSE
002275,Aa123456,FALSE
002276,Aa123456,FALSE
002277,Aa123456,FALSE
002278,Aa123456,FALSE
002279,Aa123456,FALSE
002280,Aa123456,FALSE
002281,Aa123456,FALSE
002282,Aa123456,FALSE
002283,Aa123456,FALSE
002284,Aa123456,FALSE
002285,Aa123456,FALSE
002286,Aa123456,FALSE
002287,Aa123456,FALSE
002288,Aa123456,FALSE
002289,Aa123456,FALSE
002290,Aa123456,FALSE
002291,Aa123456,FALSE
002292,Aa123456,FALSE
002293,Aa123456,FALSE
002294,Aa123456,FALSE
002295,Aa123456,FALSE
002296,Aa123456,FALSE
002297,Aa123456,FALSE
002298,Aa123456,FALSE
002299,Aa123456,FALSE
002300,Aa123456,FALSE
002301,Aa123456,FALSE
002302,Aa123456,FALSE
002303,Aa123456,FALSE
002304,Aa123456,FALSE
002305,Aa123456,FALSE
002306,Aa123456,FALSE
002307,Aa123456,FALSE
002308,Aa123456,FALSE
002309,Aa123456,FALSE
002310,Aa123456,FALSE
002311,Aa123456,FALSE
002312,Aa123456,FALSE
002313,Aa123456,FALSE
002314,Aa123456,FALSE
002315,Aa123456,FALSE
002316,Aa123456,FALSE
002317,Aa123456,FALSE
002318,Aa123456,FALSE
002319,Aa123456,FALSE
002320,Aa123456,FALSE
002321,Aa123456,FALSE
002322,Aa123456,FALSE
002323,Aa123456,FALSE
002324,Aa123456,FALSE
002325,Aa123456,FALSE
002326,Aa123456,FALSE
002327,Aa123456,FALSE
002328,Aa123456,FALSE
002329,Aa123456,FALSE
002330,Aa123456,FALSE
002331,Aa123456,FALSE
002332,Aa123456,FALSE
002333,Aa123456,FALSE
002334,Aa123456,FALSE
002335,Aa123456,FALSE
002336,Aa123456,FALSE
002337,Aa123456,FALSE
002338,Aa123456,FALSE
002339,Aa123456,FALSE
002340,Aa123456,FALSE
002341,Aa123456,FALSE
002342,Aa123456,FALSE
002343,Aa123456,FALSE
002344,Aa123456,FALSE
002345,Aa123456,FALSE
002346,Aa123456,FALSE
002347,Aa123456,FALSE
002348,Aa123456,FALSE
002349,Aa123456,FALSE
002350,Aa123456,FALSE
002351,Aa123456,FALSE
002352,Aa123456,FALSE
002353,Aa123456,FALSE
002354,Aa123456,FALSE
002355,Aa123456,FALSE
002356,Aa123456,FALSE
002357,Aa123456,FALSE
002358,Aa123456,FALSE
002359,Aa123456,FALSE
002360,Aa123456,FALSE
002361,Aa123456,FALSE
002362,Aa123456,FALSE
002363,Aa123456,FALSE
002364,Aa123456,FALSE
002365,Aa123456,FALSE
002366,Aa123456,FALSE
002367,Aa123456,FALSE
002368,Aa123456,FALSE
002369,Aa123456,FALSE
002370,Aa123456,FALSE
002371,Aa123456,FALSE
002372,Aa123456,FALSE
002373,Aa123456,FALSE
002374,Aa123456,FALSE
002375,Aa123456,FALSE
002376,Aa123456,FALSE
002377,Aa123456,FALSE
002378,Aa123456,FALSE
002379,Aa123456,FALSE
002380,Aa123456,FALSE
002381,Aa123456,FALSE
002382,Aa123456,FALSE
002383,Aa123456,FALSE
002384,Aa123456,FALSE
002385,Aa123456,FALSE
002386,Aa123456,FALSE
002387,Aa123456,FALSE
002388,Aa123456,FALSE
002389,Aa123456,FALSE
002390,Aa123456,FALSE
002391,Aa123456,FALSE
002392,Aa123456,FALSE
002393,Aa123456,FALSE
002394,Aa123456,FALSE
002395,Aa123456,FALSE
002396,Aa123456,FALSE
002397,Aa123456,FALSE
002398,Aa123456,FALSE
002399,Aa123456,FALSE
002400,Aa123456,FALSE
002401,Aa123456,FALSE
002402,Aa123456,FALSE
002403,Aa123456,FALSE
002404,Aa123456,FALSE
002405,Aa123456,FALSE
002406,Aa123456,FALSE
002407,Aa123456,FALSE
002408,Aa123456,FALSE
002409,Aa123456,FALSE
002410,Aa123456,FALSE
002411,Aa123456,FALSE
002412,Aa123456,FALSE
002413,Aa123456,FALSE
002414,Aa123456,FALSE
002415,Aa123456,FALSE
002416,Aa123456,FALSE
002417,Aa123456,FALSE
002418,Aa123456,FALSE
002419,Aa123456,FALSE
002420,Aa123456,FALSE
002421,Aa123456,FALSE
002422,Aa123456,FALSE
002423,Aa123456,FALSE
002424,Aa123456,FALSE
002425,Aa123456,FALSE
002426,Aa123456,FALSE
002427,Aa123456,FALSE
002428,Aa123456,FALSE
002429,Aa123456,FALSE
002430,Aa123456,FALSE
002431,Aa123456,FALSE
002432,Aa123456,FALSE
002433,Aa123456,FALSE
002434,Aa123456,FALSE
002435,Aa123456,FALSE
002436,Aa123456,FALSE
002437,Aa123456,FALSE
002438,Aa123456,FALSE
002439,Aa123456,FALSE
002440,Aa123456,FALSE
002441,Aa123456,FALSE
002442,Aa123456,FALSE
002443,Aa123456,FALSE
002444,Aa123456,FALSE
002445,Aa123456,FALSE
002446,Aa123456,FALSE
002447,Aa123456,FALSE
002448,Aa123456,FALSE
002449,Aa123456,FALSE
002450,Aa123456,FALSE
002451,Aa123456,FALSE
002452,Aa123456,FALSE
002453,Aa123456,FALSE
002454,Aa123456,FALSE
002455,Aa123456,FALSE
002456,Aa123456,FALSE
002457,Aa123456,FALSE
002458,Aa123456,FALSE
002459,Aa123456,FALSE
002460,Aa123456,FALSE
002461,Aa123456,FALSE
002462,Aa123456,FALSE
002463,Aa123456,FALSE
002464,Aa123456,FALSE
002465,Aa123456,FALSE
002466,Aa123456,FALSE
002467,Aa123456,FALSE
002468,Aa123456,FALSE
002469,Aa123456,FALSE
002470,Aa123456,FALSE
002471,Aa123456,FALSE
002472,Aa123456,FALSE
002473,Aa123456,FALSE
002474,Aa123456,FALSE
002475,Aa123456,FALSE
002476,Aa123456,FALSE
002477,Aa123456,FALSE
002478,Aa123456,FALSE
002479,Aa123456,FALSE
002480,Aa123456,FALSE
002481,Aa123456,FALSE
002482,Aa123456,FALSE
002483,Aa123456,FALSE
002484,Aa123456,FALSE
002485,Aa123456,FALSE
002486,Aa123456,FALSE
002487,Aa123456,FALSE
002488,Aa123456,FALSE
002489,Aa123456,FALSE
002490,Aa123456,FALSE
002491,Aa123456,FALSE
002492,Aa123456,FALSE
002493,Aa123456,FALSE
002494,Aa123456,FALSE
002495,Aa123456,FALSE
002496,Aa123456,FALSE
002497,Aa123456,FALSE
002498,Aa123456,FALSE
002499,Aa123456,FALSE
002500,Aa123456,FALSE
002501,Aa123456,FALSE
002502,Aa123456,FALSE
002503,Aa123456,FALSE
002504,Aa123456,FALSE
002505,Aa123456,FALSE
002506,Aa123456,FALSE
002507,Aa123456,FALSE
002508,Aa123456,FALSE
002509,Aa123456,FALSE
002510,Aa123456,FALSE
002511,Aa123456,FALSE
002512,Aa123456,FALSE
002513,Aa123456,FALSE
002514,Aa123456,FALSE
002515,Aa123456,FALSE
002516,Aa123456,FALSE
002517,Aa123456,FALSE
002518,Aa123456,FALSE
002519,Aa123456,FALSE
002520,Aa123456,FALSE
002521,Aa123456,FALSE
002522,Aa123456,FALSE
002523,Aa123456,FALSE
002524,Aa123456,FALSE
002525,Aa123456,FALSE
002526,Aa123456,FALSE
002527,Aa123456,FALSE
002528,Aa123456,FALSE
002529,Aa123456,FALSE
002530,Aa123456,FALSE
002531,Aa123456,FALSE
002532,Aa123456,FALSE
002533,Aa123456,FALSE
002534,Aa123456,FALSE
002535,Aa123456,FALSE
002536,Aa123456,FALSE
002537,Aa123456,FALSE
002538,Aa123456,FALSE
002539,Aa123456,FALSE
002540,Aa123456,FALSE
002541,Aa123456,FALSE
002542,Aa123456,FALSE
002543,Aa123456,FALSE
002544,Aa123456,FALSE
002545,Aa123456,FALSE
002546,Aa123456,FALSE
002547,Aa123456,FALSE
002548,Aa123456,FALSE
002549,Aa123456,FALSE
002550,Aa123456,FALSE
002551,Aa123456,FALSE
002552,Aa123456,FALSE
002553,Aa123456,FALSE
002554,Aa123456,FALSE
002555,Aa123456,FALSE
002556,Aa123456,FALSE
002557,Aa123456,FALSE
002558,Aa123456,FALSE
002559,Aa123456,FALSE
002560,Aa123456,FALSE
002561,Aa123456,FALSE
002562,Aa123456,FALSE
002563,Aa123456,FALSE
002564,Aa123456,FALSE
002565,Aa123456,FALSE
002566,Aa123456,FALSE
002567,Aa123456,FALSE
002568,Aa123456,FALSE
002569,Aa123456,FALSE
002570,Aa123456,FALSE
002571,Aa123456,FALSE
002572,Aa123456,FALSE
002573,Aa123456,FALSE
002574,Aa123456,FALSE
002575,Aa123456,FALSE
002576,Aa123456,FALSE
002577,Aa123456,FALSE
002578,Aa123456,FALSE
002579,Aa123456,FALSE
002580,Aa123456,FALSE
002581,Aa123456,FALSE
002582,Aa123456,FALSE
002583,Aa123456,FALSE
002584,Aa123456,FALSE
002585,Aa123456,FALSE
002586,Aa123456,FALSE
002587,Aa123456,FALSE
002588,Aa123456,FALSE
002589,Aa123456,FALSE
002590,Aa123456,FALSE
002591,Aa123456,FALSE
002592,Aa123456,FALSE
002593,Aa123456,FALSE
002594,Aa123456,FALSE
002595,Aa123456,FALSE
002596,Aa123456,FALSE
002597,Aa123456,FALSE
002598,Aa123456,FALSE
002599,Aa123456,FALSE
002600,Aa123456,FALSE
002601,Aa123456,FALSE
002602,Aa123456,FALSE
002603,Aa123456,FALSE
002604,Aa123456,FALSE
002605,Aa123456,FALSE
002606,Aa123456,FALSE
002607,Aa123456,FALSE
002608,Aa123456,FALSE
002609,Aa123456,FALSE
002610,Aa123456,FALSE
002611,Aa123456,FALSE
002612,Aa123456,FALSE
002613,Aa123456,FALSE
002614,Aa123456,FALSE
002615,Aa123456,FALSE
002616,Aa123456,FALSE
002617,Aa123456,FALSE
002618,Aa123456,FALSE
002619,Aa123456,FALSE
002620,Aa123456,FALSE
002621,Aa123456,FALSE
002622,Aa123456,FALSE
002623,Aa123456,FALSE
002624,Aa123456,FALSE
002625,Aa123456,FALSE
002626,Aa123456,FALSE
002627,Aa123456,FALSE
002628,Aa123456,FALSE
002629,Aa123456,FALSE
002630,Aa123456,FALSE
002631,Aa123456,FALSE
002632,Aa123456,FALSE
002633,Aa123456,FALSE
002634,Aa123456,FALSE
002635,Aa123456,FALSE
002636,Aa123456,FALSE
002637,Aa123456,FALSE
002638,Aa123456,FALSE
002639,Aa123456,FALSE
002640,Aa123456,FALSE
002641,Aa123456,FALSE
002642,Aa123456,FALSE
002643,Aa123456,FALSE
002644,Aa123456,FALSE
002645,Aa123456,FALSE
002646,Aa123456,FALSE
002647,Aa123456,FALSE
002648,Aa123456,FALSE
002649,Aa123456,FALSE
002650,Aa123456,FALSE
002651,Aa123456,FALSE
002652,Aa123456,FALSE
002653,Aa123456,FALSE
002654,Aa123456,FALSE
002655,Aa123456,FALSE
002656,Aa123456,FALSE
002657,Aa123456,FALSE
002658,Aa123456,FALSE
002659,Aa123456,FALSE
002660,Aa123456,FALSE
002661,Aa123456,FALSE
002662,Aa123456,FALSE
002663,Aa123456,FALSE
002664,Aa123456,FALSE
002665,Aa123456,FALSE
002666,Aa123456,FALSE
002667,Aa123456,FALSE
002668,Aa123456,FALSE
002669,Aa123456,FALSE
002670,Aa123456,FALSE
002671,Aa123456,FALSE
002672,Aa123456,FALSE
002673,Aa123456,FALSE
002674,Aa123456,FALSE
002675,Aa123456,FALSE
002676,Aa123456,FALSE
002677,Aa123456,FALSE
002678,Aa123456,FALSE
002679,Aa123456,FALSE
002680,Aa123456,FALSE
002681,Aa123456,FALSE
002682,Aa123456,FALSE
002683,Aa123456,FALSE
002684,Aa123456,FALSE
002685,Aa123456,FALSE
002686,Aa123456,FALSE
002687,Aa123456,FALSE
002688,Aa123456,FALSE
002689,Aa123456,FALSE
002690,Aa123456,FALSE
002691,Aa123456,FALSE
002692,Aa123456,FALSE
002693,Aa123456,FALSE
002694,Aa123456,FALSE
002695,Aa123456,FALSE
002696,Aa123456,FALSE
002697,Aa123456,FALSE
002698,Aa123456,FALSE
002699,Aa123456,FALSE
002700,Aa123456,FALSE
002701,Aa123456,FALSE
002702,Aa123456,FALSE
002703,Aa123456,FALSE
002704,Aa123456,FALSE
002705,Aa123456,FALSE
002706,Aa123456,FALSE
002707,Aa123456,FALSE
002708,Aa123456,FALSE
002709,Aa123456,FALSE
002710,Aa123456,FALSE
002711,Aa123456,FALSE
002712,Aa123456,FALSE
002713,Aa123456,FALSE
002714,Aa123456,FALSE
002715,Aa123456,FALSE
002716,Aa123456,FALSE
002717,Aa123456,FALSE
002718,Aa123456,FALSE
002719,Aa123456,FALSE
002720,Aa123456,FALSE
002721,Aa123456,FALSE
002722,Aa123456,FALSE
002723,Aa123456,FALSE
002724,Aa123456,FALSE
002725,Aa123456,FALSE
002726,Aa123456,FALSE
002727,Aa123456,FALSE
002728,Aa123456,FALSE
002729,Aa123456,FALSE
002730,Aa123456,FALSE
002731,Aa123456,FALSE
002732,Aa123456,FALSE
002733,Aa123456,FALSE
002734,Aa123456,FALSE
002735,Aa123456,FALSE
002736,Aa123456,FALSE
002737,Aa123456,FALSE
002738,Aa123456,FALSE
002739,Aa123456,FALSE
002740,Aa123456,FALSE
002741,Aa123456,FALSE
002742,Aa123456,FALSE
002743,Aa123456,FALSE
002744,Aa123456,FALSE
002745,Aa123456,FALSE
002746,Aa123456,FALSE
002747,Aa123456,FALSE
002748,Aa123456,FALSE
002749,Aa123456,FALSE
002750,Aa123456,FALSE
002751,Aa123456,FALSE
002752,Aa123456,FALSE
002753,Aa123456,FALSE
002754,Aa123456,FALSE
002755,Aa123456,FALSE
002756,Aa123456,FALSE
002757,Aa123456,FALSE
002758,Aa123456,FALSE
002759,Aa123456,FALSE
002760,Aa123456,FALSE
002761,Aa123456,FALSE
002762,Aa123456,FALSE
002763,Aa123456,FALSE
002764,Aa123456,FALSE
002765,Aa123456,FALSE
002766,Aa123456,FALSE
002767,Aa123456,FALSE
002768,Aa123456,FALSE
002769,Aa123456,FALSE
002770,Aa123456,FALSE
002771,Aa123456,FALSE
002772,Aa123456,FALSE
002773,Aa123456,FALSE
002774,Aa123456,FALSE
002775,Aa123456,FALSE
002776,Aa123456,FALSE
002777,Aa123456,FALSE
002778,Aa123456,FALSE
002779,Aa123456,FALSE
002780,Aa123456,FALSE
002781,Aa123456,FALSE
002782,Aa123456,FALSE
002783,Aa123456,FALSE
002784,Aa123456,FALSE
002785,Aa123456,FALSE
002786,Aa123456,FALSE
002787,Aa123456,FALSE
002788,Aa123456,FALSE
002789,Aa123456,FALSE
002790,Aa123456,FALSE
002791,Aa123456,FALSE
002792,Aa123456,FALSE
002793,Aa123456,FALSE
002794,Aa123456,FALSE
002795,Aa123456,FALSE
002796,Aa123456,FALSE
002797,Aa123456,FALSE
002798,Aa123456,FALSE
002799,Aa123456,FALSE
002800,Aa123456,FALSE
002801,Aa123456,FALSE
002802,Aa123456,FALSE
002803,Aa123456,FALSE
002804,Aa123456,FALSE
002805,Aa123456,FALSE
002806,Aa123456,FALSE
002807,Aa123456,FALSE
002808,Aa123456,FALSE
002809,Aa123456,FALSE
002810,Aa123456,FALSE
002811,Aa123456,FALSE
002812,Aa123456,FALSE
002813,Aa123456,FALSE
002814,Aa123456,FALSE
002815,Aa123456,FALSE
002816,Aa123456,FALSE
002817,Aa123456,FALSE
002818,Aa123456,FALSE
002819,Aa123456,FALSE
002820,Aa123456,FALSE
002821,Aa123456,FALSE
002822,Aa123456,FALSE
002823,Aa123456,FALSE
002824,Aa123456,FALSE
002825,Aa123456,FALSE
002826,Aa123456,FALSE
002827,Aa123456,FALSE
002828,Aa123456,FALSE
002829,Aa123456,FALSE
002830,Aa123456,FALSE
002831,Aa123456,FALSE
002832,Aa123456,FALSE
002833,Aa123456,FALSE
002834,Aa123456,FALSE
002835,Aa123456,FALSE
002836,Aa123456,FALSE
002837,Aa123456,FALSE
002838,Aa123456,FALSE
002839,Aa123456,FALSE
002840,Aa123456,FALSE
002841,Aa123456,FALSE
002842,Aa123456,FALSE
002843,Aa123456,FALSE
002844,Aa123456,FALSE
002845,Aa123456,FALSE
002846,Aa123456,FALSE
002847,Aa123456,FALSE
002848,Aa123456,FALSE
002849,Aa123456,FALSE
002850,Aa123456,FALSE
002851,Aa123456,FALSE
002852,Aa123456,FALSE
002853,Aa123456,FALSE
002854,Aa123456,FALSE
002855,Aa123456,FALSE
002856,Aa123456,FALSE
002857,Aa123456,FALSE
002858,Aa123456,FALSE
002859,Aa123456,FALSE
002860,Aa123456,FALSE
002861,Aa123456,FALSE
002862,Aa123456,FALSE
002863,Aa123456,FALSE
002864,Aa123456,FALSE
002865,Aa123456,FALSE
002866,Aa123456,FALSE
002867,Aa123456,FALSE
002868,Aa123456,FALSE
002869,Aa123456,FALSE
002870,Aa123456,FALSE
002871,Aa123456,FALSE
002872,Aa123456,FALSE
002873,Aa123456,FALSE
002874,Aa123456,FALSE
002875,Aa123456,FALSE
002876,Aa123456,FALSE
002877,Aa123456,FALSE
002878,Aa123456,FALSE
002879,Aa123456,FALSE
002880,Aa123456,FALSE
002881,Aa123456,FALSE
002882,Aa123456,FALSE
002883,Aa123456,FALSE
002884,Aa123456,FALSE
002885,Aa123456,FALSE
002886,Aa123456,FALSE
002887,Aa123456,FALSE
002888,Aa123456,FALSE
002889,Aa123456,FALSE
002890,Aa123456,FALSE
002891,Aa123456,FALSE
002892,Aa123456,FALSE
002893,Aa123456,FALSE
002894,Aa123456,FALSE
002895,Aa123456,FALSE
002896,Aa123456,FALSE
002897,Aa123456,FALSE
002898,Aa123456,FALSE
002899,Aa123456,FALSE
002900,Aa123456,FALSE
002901,Aa123456,FALSE
002902,Aa123456,FALSE
002903,Aa123456,FALSE
002904,Aa123456,FALSE
002905,Aa123456,FALSE
002906,Aa123456,FALSE
002907,Aa123456,FALSE
002908,Aa123456,FALSE
002909,Aa123456,FALSE
002910,Aa123456,FALSE
002911,Aa123456,FALSE
002912,Aa123456,FALSE
002913,Aa123456,FALSE
002914,Aa123456,FALSE
002915,Aa123456,FALSE
002916,Aa123456,FALSE
002917,Aa123456,FALSE
002918,Aa123456,FALSE
002919,Aa123456,FALSE
002920,Aa123456,FALSE
002921,Aa123456,FALSE
002922,Aa123456,FALSE
002923,Aa123456,FALSE
002924,Aa123456,FALSE
002925,Aa123456,FALSE
002926,Aa123456,FALSE
002927,Aa123456,FALSE
002928,Aa123456,FALSE
002929,Aa123456,FALSE
002930,Aa123456,FALSE
002931,Aa123456,FALSE
002932,Aa123456,FALSE
002933,Aa123456,FALSE
002934,Aa123456,FALSE
002935,Aa123456,FALSE
002936,Aa123456,FALSE
002937,Aa123456,FALSE
002938,Aa123456,FALSE
002939,Aa123456,FALSE
002940,Aa123456,FALSE
002941,Aa123456,FALSE
002942,Aa123456,FALSE
002943,Aa123456,FALSE
002944,Aa123456,FALSE
002945,Aa123456,FALSE
002946,Aa123456,FALSE
002947,Aa123456,FALSE
002948,Aa123456,FALSE
002949,Aa123456,FALSE
002950,Aa123456,FALSE
002951,Aa123456,FALSE
002952,Aa123456,FALSE
002953,Aa123456,FALSE
002954,Aa123456,FALSE
002955,Aa123456,FALSE
002956,Aa123456,FALSE
002957,Aa123456,FALSE
002958,Aa123456,FALSE
002959,Aa123456,FALSE
002960,Aa123456,FALSE
002961,Aa123456,FALSE
002962,Aa123456,FALSE
002963,Aa123456,FALSE
002964,Aa123456,FALSE
002965,Aa123456,FALSE
002966,Aa123456,FALSE
002967,Aa123456,FALSE
002968,Aa123456,FALSE
002969,Aa123456,FALSE
002970,Aa123456,FALSE
002971,Aa123456,FALSE
002972,Aa123456,FALSE
002973,Aa123456,FALSE
002974,Aa123456,FALSE
002975,Aa123456,FALSE
002976,Aa123456,FALSE
002977,Aa123456,FALSE
002978,Aa123456,FALSE
002979,Aa123456,FALSE
002980,Aa123456,FALSE
002981,Aa123456,FALSE
002982,Aa123456,FALSE
002983,Aa123456,FALSE
002984,Aa123456,FALSE
002985,Aa123456,FALSE
002986,Aa123456,FALSE
002987,Aa123456,FALSE
002988,Aa123456,FALSE
002989,Aa123456,FALSE
002990,Aa123456,FALSE
002991,Aa123456,FALSE
002992,Aa123456,FALSE
002993,Aa123456,FALSE
002994,Aa123456,FALSE
002995,Aa123456,FALSE
002996,Aa123456,FALSE
002997,Aa123456,FALSE
002998,Aa123456,FALSE
002999,Aa123456,FALSE
003000,Aa123456,FALSE
003001,Aa123456,FALSE
003002,Aa123456,FALSE
003003,Aa123456,FALSE
003004,Aa123456,FALSE
003005,Aa123456,FALSE
003006,Aa123456,FALSE
003007,Aa123456,FALSE
003008,Aa123456,FALSE
003009,Aa123456,FALSE
003010,Aa123456,FALSE
003011,Aa123456,FALSE
003012,Aa123456,FALSE
003013,Aa123456,FALSE
003014,Aa123456,FALSE
003015,Aa123456,FALSE
003016,Aa123456,FALSE
003017,Aa123456,FALSE
003018,Aa123456,FALSE
003019,Aa123456,FALSE
003020,Aa123456,FALSE
003021,Aa123456,FALSE
003022,Aa123456,FALSE
003023,Aa123456,FALSE
003024,Aa123456,FALSE
003025,Aa123456,FALSE
003026,Aa123456,FALSE
003027,Aa123456,FALSE
003028,Aa123456,FALSE
003029,Aa123456,FALSE
003030,Aa123456,FALSE
003031,Aa123456,FALSE
003032,Aa123456,FALSE
003033,Aa123456,FALSE
003034,Aa123456,FALSE
003035,Aa123456,FALSE
003036,Aa123456,FALSE
003037,Aa123456,FALSE
003038,Aa123456,FALSE
003039,Aa123456,FALSE
003040,Aa123456,FALSE
003041,Aa123456,FALSE
003042,Aa123456,FALSE
003043,Aa123456,FALSE
003044,Aa123456,FALSE
003045,Aa123456,FALSE
003046,Aa123456,FALSE
003047,Aa123456,FALSE
003048,Aa123456,FALSE
003049,Aa123456,FALSE
003050,Aa123456,FALSE
003051,Aa123456,FALSE
003052,Aa123456,FALSE
003053,Aa123456,FALSE
003054,Aa123456,FALSE
003055,Aa123456,FALSE
003056,Aa123456,FALSE
003057,Aa123456,FALSE
003058,Aa123456,FALSE
003059,Aa123456,FALSE
003060,Aa123456,FALSE
003061,Aa123456,FALSE
003062,Aa123456,FALSE
003063,Aa123456,FALSE
003064,Aa123456,FALSE
003065,Aa123456,FALSE
003066,Aa123456,FALSE
003067,Aa123456,FALSE
003068,Aa123456,FALSE
003069,Aa123456,FALSE
003070,Aa123456,FALSE
003071,Aa123456,FALSE
003072,Aa123456,FALSE
003073,Aa123456,FALSE
003074,Aa123456,FALSE
003075,Aa123456,FALSE
003076,Aa123456,FALSE
003077,Aa123456,FALSE
003078,Aa123456,FALSE
003079,Aa123456,FALSE
003080,Aa123456,FALSE
003081,Aa123456,FALSE
003082,Aa123456,FALSE
003083,Aa123456,FALSE
003084,Aa123456,FALSE
003085,Aa123456,FALSE
003086,Aa123456,FALSE
003087,Aa123456,FALSE
003088,Aa123456,FALSE
003089,Aa123456,FALSE
003090,Aa123456,FALSE
003091,Aa123456,FALSE
003092,Aa123456,FALSE
003093,Aa123456,FALSE
003094,Aa123456,FALSE
003095,Aa123456,FALSE
003096,Aa123456,FALSE
003097,Aa123456,FALSE
003098,Aa123456,FALSE
003099,Aa123456,FALSE
003100,Aa123456,FALSE
003101,Aa123456,FALSE
003102,Aa123456,FALSE
003103,Aa123456,FALSE
003104,Aa123456,FALSE
003105,Aa123456,FALSE
003106,Aa123456,FALSE
003107,Aa123456,FALSE
003108,Aa123456,FALSE
003109,Aa123456,FALSE
003110,Aa123456,FALSE
003111,Aa123456,FALSE
003112,Aa123456,FALSE
003113,Aa123456,FALSE
003114,Aa123456,FALSE
003115,Aa123456,FALSE
003116,Aa123456,FALSE
003117,Aa123456,FALSE
003118,Aa123456,FALSE
003119,Aa123456,FALSE
003120,Aa123456,FALSE
003121,Aa123456,FALSE
003122,Aa123456,FALSE
003123,Aa123456,FALSE
003124,Aa123456,FALSE
003125,Aa123456,FALSE
003126,Aa123456,FALSE
003127,Aa123456,FALSE
003128,Aa123456,FALSE
003129,Aa123456,FALSE
003130,Aa123456,FALSE
003131,Aa123456,FALSE
003132,Aa123456,FALSE
003133,Aa123456,FALSE
003134,Aa123456,FALSE
003135,Aa123456,FALSE
003136,Aa123456,FALSE
003137,Aa123456,FALSE
003138,Aa123456,FALSE
003139,Aa123456,FALSE
003140,Aa123456,FALSE
003141,Aa123456,FALSE
003142,Aa123456,FALSE
003143,Aa123456,FALSE
003144,Aa123456,FALSE
003145,Aa123456,FALSE
003146,Aa123456,FALSE
003147,Aa123456,FALSE
003148,Aa123456,FALSE
003149,Aa123456,FALSE
003150,Aa123456,FALSE
003151,Aa123456,FALSE
003152,Aa123456,FALSE
003153,Aa123456,FALSE
003154,Aa123456,FALSE
003155,Aa123456,FALSE
003156,Aa123456,FALSE
003157,Aa123456,FALSE
003158,Aa123456,FALSE
003159,Aa123456,FALSE
003160,Aa123456,FALSE
003161,Aa123456,FALSE
003162,Aa123456,FALSE
003163,Aa123456,FALSE
003164,Aa123456,FALSE
003165,Aa123456,FALSE
003166,Aa123456,FALSE
003167,Aa123456,FALSE
003168,Aa123456,FALSE
003169,Aa123456,FALSE
003170,Aa123456,FALSE
003171,Aa123456,FALSE
003172,Aa123456,FALSE
003173,Aa123456,FALSE
003174,Aa123456,FALSE
003175,Aa123456,FALSE
003176,Aa123456,FALSE
003177,Aa123456,FALSE
003178,Aa123456,FALSE
003179,Aa123456,FALSE
003180,Aa123456,FALSE
003181,Aa123456,FALSE
003182,Aa123456,FALSE
003183,Aa123456,FALSE
003184,Aa123456,FALSE
003185,Aa123456,FALSE
003186,Aa123456,FALSE
003187,Aa123456,FALSE
003188,Aa123456,FALSE
003189,Aa123456,FALSE
003190,Aa123456,FALSE
003191,Aa123456,FALSE
003192,Aa123456,FALSE
003193,Aa123456,FALSE
003194,Aa123456,FALSE
003195,Aa123456,FALSE
003196,Aa123456,FALSE
003197,Aa123456,FALSE
003198,Aa123456,FALSE
003199,Aa123456,FALSE
003200,Aa123456,FALSE
003201,Aa123456,FALSE
003202,Aa123456,FALSE
003203,Aa123456,FALSE
003204,Aa123456,FALSE
003205,Aa123456,FALSE
003206,Aa123456,FALSE
003207,Aa123456,FALSE
003208,Aa123456,FALSE
003209,Aa123456,FALSE
003210,Aa123456,FALSE
003211,Aa123456,FALSE
003212,Aa123456,FALSE
003213,Aa123456,FALSE
003214,Aa123456,FALSE
003215,Aa123456,FALSE
003216,Aa123456,FALSE
003217,Aa123456,FALSE
003218,Aa123456,FALSE
003219,Aa123456,FALSE
003220,Aa123456,FALSE
003221,Aa123456,FALSE
003222,Aa123456,FALSE
003223,Aa123456,FALSE
003224,Aa123456,FALSE
003225,Aa123456,FALSE
003226,Aa123456,FALSE
003227,Aa123456,FALSE
003228,Aa123456,FALSE
003229,Aa123456,FALSE
003230,Aa123456,FALSE
003231,Aa123456,FALSE
003232,Aa123456,FALSE
003233,Aa123456,FALSE
003234,Aa123456,FALSE
003235,Aa123456,FALSE
003236,Aa123456,FALSE
003237,Aa123456,FALSE
003238,Aa123456,FALSE
003239,Aa123456,FALSE
003240,Aa123456,FALSE
003241,Aa123456,FALSE
003242,Aa123456,FALSE
003243,Aa123456,FALSE
003244,Aa123456,FALSE
003245,Aa123456,FALSE
003246,Aa123456,FALSE
003247,Aa123456,FALSE
003248,Aa123456,FALSE
003249,Aa123456,FALSE
003250,Aa123456,FALSE
003251,Aa123456,FALSE
003252,Aa123456,FALSE
003253,Aa123456,FALSE
003254,Aa123456,FALSE
003255,Aa123456,FALSE
003256,Aa123456,FALSE
003257,Aa123456,FALSE
003258,Aa123456,FALSE
003259,Aa123456,FALSE
003260,Aa123456,FALSE
003261,Aa123456,FALSE
003262,Aa123456,FALSE
003263,Aa123456,FALSE
003264,Aa123456,FALSE
003265,Aa123456,FALSE
003266,Aa123456,FALSE
003267,Aa123456,FALSE
003268,Aa123456,FALSE
003269,Aa123456,FALSE
003270,Aa123456,FALSE
003271,Aa123456,FALSE
003272,Aa123456,FALSE
003273,Aa123456,FALSE
003274,Aa123456,FALSE
003275,Aa123456,FALSE
003276,Aa123456,FALSE
003277,Aa123456,FALSE
003278,Aa123456,FALSE
003279,Aa123456,FALSE
003280,Aa123456,FALSE
003281,Aa123456,FALSE
003282,Aa123456,FALSE
003283,Aa123456,FALSE
003284,Aa123456,FALSE
003285,Aa123456,FALSE
003286,Aa123456,FALSE
003287,Aa123456,FALSE
003288,Aa123456,FALSE
003289,Aa123456,FALSE
003290,Aa123456,FALSE
003291,Aa123456,FALSE
003292,Aa123456,FALSE
003293,Aa123456,FALSE
003294,Aa123456,FALSE
003295,Aa123456,FALSE
003296,Aa123456,FALSE
003297,Aa123456,FALSE
003298,Aa123456,FALSE
003299,Aa123456,FALSE
003300,Aa123456,FALSE
003301,Aa123456,FALSE
003302,Aa123456,FALSE
003303,Aa123456,FALSE
003304,Aa123456,FALSE
003305,Aa123456,FALSE
003306,Aa123456,FALSE
003307,Aa123456,FALSE
003308,Aa123456,FALSE
003309,Aa123456,FALSE
003310,Aa123456,FALSE
003311,Aa123456,FALSE
003312,Aa123456,FALSE
003313,Aa123456,FALSE
003314,Aa123456,FALSE
003315,Aa123456,FALSE
003316,Aa123456,FALSE
003317,Aa123456,FALSE
003318,Aa123456,FALSE
003319,Aa123456,FALSE
003320,Aa123456,FALSE
003321,Aa123456,FALSE
003322,Aa123456,FALSE
003323,Aa123456,FALSE
003324,Aa123456,FALSE
003325,Aa123456,FALSE
003326,Aa123456,FALSE
003327,Aa123456,FALSE
003328,Aa123456,FALSE
003329,Aa123456,FALSE
003330,Aa123456,FALSE
003331,Aa123456,FALSE
003332,Aa123456,FALSE
003333,Aa123456,FALSE
003334,Aa123456,FALSE
003335,Aa123456,FALSE
003336,Aa123456,FALSE
003337,Aa123456,FALSE
003338,Aa123456,FALSE
003339,Aa123456,FALSE
003340,Aa123456,FALSE
003341,Aa123456,FALSE
003342,Aa123456,FALSE
003343,Aa123456,FALSE
003344,Aa123456,FALSE
003345,Aa123456,FALSE
003346,Aa123456,FALSE
003347,Aa123456,FALSE
003348,Aa123456,FALSE
003349,Aa123456,FALSE
003350,Aa123456,FALSE
003351,Aa123456,FALSE
003352,Aa123456,FALSE
003353,Aa123456,FALSE
003354,Aa123456,FALSE
003355,Aa123456,FALSE
003356,Aa123456,FALSE
003357,Aa123456,FALSE
003358,Aa123456,FALSE
003359,Aa123456,FALSE
003360,Aa123456,FALSE
003361,Aa123456,FALSE
003362,Aa123456,FALSE
003363,Aa123456,FALSE
003364,Aa123456,FALSE
003365,Aa123456,FALSE
003366,Aa123456,FALSE
003367,Aa123456,FALSE
003368,Aa123456,FALSE
003369,Aa123456,FALSE
003370,Aa123456,FALSE
003371,Aa123456,FALSE
003372,Aa123456,FALSE
003373,Aa123456,FALSE
003374,Aa123456,FALSE
003375,Aa123456,FALSE
003376,Aa123456,FALSE
003377,Aa123456,FALSE
003378,Aa123456,FALSE
003379,Aa123456,FALSE
003380,Aa123456,FALSE
003381,Aa123456,FALSE
003382,Aa123456,FALSE
003383,Aa123456,FALSE
003384,Aa123456,FALSE
003385,Aa123456,FALSE
003386,Aa123456,FALSE
003387,Aa123456,FALSE
003388,Aa123456,FALSE
003389,Aa123456,FALSE
003390,Aa123456,FALSE
003391,Aa123456,FALSE
003392,Aa123456,FALSE
003393,Aa123456,FALSE
003394,Aa123456,FALSE
003395,Aa123456,FALSE
003396,Aa123456,FALSE
003397,Aa123456,FALSE
003398,Aa123456,FALSE
003399,Aa123456,FALSE
003400,Aa123456,FALSE
003401,Aa123456,FALSE
003402,Aa123456,FALSE
003403,Aa123456,FALSE
003404,Aa123456,FALSE
003405,Aa123456,FALSE
003406,Aa123456,FALSE
003407,Aa123456,FALSE
003408,Aa123456,FALSE
003409,Aa123456,FALSE
003410,Aa123456,FALSE
003411,Aa123456,FALSE
003412,Aa123456,FALSE
003413,Aa123456,FALSE
003414,Aa123456,FALSE
003415,Aa123456,FALSE
003416,Aa123456,FALSE
003417,Aa123456,FALSE
003418,Aa123456,FALSE
003419,Aa123456,FALSE
003420,Aa123456,FALSE
003421,Aa123456,FALSE
003422,Aa123456,FALSE
003423,Aa123456,FALSE
003424,Aa123456,FALSE
003425,Aa123456,FALSE
003426,Aa123456,FALSE
003427,Aa123456,FALSE
003428,Aa123456,FALSE
003429,Aa123456,FALSE
003430,Aa123456,FALSE
003431,Aa123456,FALSE
003432,Aa123456,FALSE
003433,Aa123456,FALSE
003434,Aa123456,FALSE
003435,Aa123456,FALSE
003436,Aa123456,FALSE
003437,Aa123456,FALSE
003438,Aa123456,FALSE
003439,Aa123456,FALSE
003440,Aa123456,FALSE
003441,Aa123456,FALSE
003442,Aa123456,FALSE
003443,Aa123456,FALSE
003444,Aa123456,FALSE
003445,Aa123456,FALSE
003446,Aa123456,FALSE
003447,Aa123456,FALSE
003448,Aa123456,FALSE
003449,Aa123456,FALSE
003450,Aa123456,FALSE
003451,Aa123456,FALSE
003452,Aa123456,FALSE
003453,Aa123456,FALSE
003454,Aa123456,FALSE
003455,Aa123456,FALSE
003456,Aa123456,FALSE
003457,Aa123456,FALSE
003458,Aa123456,FALSE
003459,Aa123456,FALSE
003460,Aa123456,FALSE
003461,Aa123456,FALSE
003462,Aa123456,FALSE
003463,Aa123456,FALSE
003464,Aa123456,FALSE
003465,Aa123456,FALSE
003466,Aa123456,FALSE
003467,Aa123456,FALSE
003468,Aa123456,FALSE
003469,Aa123456,FALSE
003470,Aa123456,FALSE
003471,Aa123456,FALSE
003472,Aa123456,FALSE
003473,Aa123456,FALSE
003474,Aa123456,FALSE
003475,Aa123456,FALSE
003476,Aa123456,FALSE
003477,Aa123456,FALSE
003478,Aa123456,FALSE
003479,Aa123456,FALSE
003480,Aa123456,FALSE
003481,Aa123456,FALSE
003482,Aa123456,FALSE
003483,Aa123456,FALSE
003484,Aa123456,FALSE
003485,Aa123456,FALSE
003486,Aa123456,FALSE
003487,Aa123456,FALSE
003488,Aa123456,FALSE
003489,Aa123456,FALSE
003490,Aa123456,FALSE
003491,Aa123456,FALSE
003492,Aa123456,FALSE
003493,Aa123456,FALSE
003494,Aa123456,FALSE
003495,Aa123456,FALSE
003496,Aa123456,FALSE
003497,Aa123456,FALSE
003498,Aa123456,FALSE
003499,Aa123456,FALSE
003500,Aa123456,FALSE
003501,Aa123456,FALSE
003502,Aa123456,FALSE
003503,Aa123456,FALSE
003504,Aa123456,FALSE
003505,Aa123456,FALSE
003506,Aa123456,FALSE
003507,Aa123456,FALSE
003508,Aa123456,FALSE
003509,Aa123456,FALSE
003510,Aa123456,FALSE
003511,Aa123456,FALSE
003512,Aa123456,FALSE
003513,Aa123456,FALSE
003514,Aa123456,FALSE
003515,Aa123456,FALSE
003516,Aa123456,FALSE
003517,Aa123456,FALSE
003518,Aa123456,FALSE
003519,Aa123456,FALSE
003520,Aa123456,FALSE
003521,Aa123456,FALSE
003522,Aa123456,FALSE
003523,Aa123456,FALSE
003524,Aa123456,FALSE
003525,Aa123456,FALSE
003526,Aa123456,FALSE
003527,Aa123456,FALSE
003528,Aa123456,FALSE
003529,Aa123456,FALSE
003530,Aa123456,FALSE
003531,Aa123456,FALSE
003532,Aa123456,FALSE
003533,Aa123456,FALSE
003534,Aa123456,FALSE
003535,Aa123456,FALSE
003536,Aa123456,FALSE
003537,Aa123456,FALSE
003538,Aa123456,FALSE
003539,Aa123456,FALSE
003540,Aa123456,FALSE
003541,Aa123456,FALSE
003542,Aa123456,FALSE
003543,Aa123456,FALSE
003544,Aa123456,FALSE
003545,Aa123456,FALSE
003546,Aa123456,FALSE
003547,Aa123456,FALSE
003548,Aa123456,FALSE
003549,Aa123456,FALSE
003550,Aa123456,FALSE
003551,Aa123456,FALSE
003552,Aa123456,FALSE
003553,Aa123456,FALSE
003554,Aa123456,FALSE
003555,Aa123456,FALSE
003556,Aa123456,FALSE
003557,Aa123456,FALSE
003558,Aa123456,FALSE
003559,Aa123456,FALSE
003560,Aa123456,FALSE
003561,Aa123456,FALSE
003562,Aa123456,FALSE
003563,Aa123456,FALSE
003564,Aa123456,FALSE
003565,Aa123456,FALSE
003566,Aa123456,FALSE
003567,Aa123456,FALSE
003568,Aa123456,FALSE
003569,Aa123456,FALSE
003570,Aa123456,FALSE
003571,Aa123456,FALSE
003572,Aa123456,FALSE
003573,Aa123456,FALSE
003574,Aa123456,FALSE
003575,Aa123456,FALSE
003576,Aa123456,FALSE
003577,Aa123456,FALSE
003578,Aa123456,FALSE
003579,Aa123456,FALSE
003580,Aa123456,FALSE
003581,Aa123456,FALSE
003582,Aa123456,FALSE
003583,Aa123456,FALSE
003584,Aa123456,FALSE
003585,Aa123456,FALSE
003586,Aa123456,FALSE
003587,Aa123456,FALSE
003588,Aa123456,FALSE
003589,Aa123456,FALSE
003590,Aa123456,FALSE
003591,Aa123456,FALSE
003592,Aa123456,FALSE
003593,Aa123456,FALSE
003594,Aa123456,FALSE
003595,Aa123456,FALSE
003596,Aa123456,FALSE
003597,Aa123456,FALSE
003598,Aa123456,FALSE
003599,Aa123456,FALSE
003600,Aa123456,FALSE
003601,Aa123456,FALSE
003602,Aa123456,FALSE
003603,Aa123456,FALSE
003604,Aa123456,FALSE
003605,Aa123456,FALSE
003606,Aa123456,FALSE
003607,Aa123456,FALSE
003608,Aa123456,FALSE
003609,Aa123456,FALSE
003610,Aa123456,FALSE
003611,Aa123456,FALSE
003612,Aa123456,FALSE
003613,Aa123456,FALSE
003614,Aa123456,FALSE
003615,Aa123456,FALSE
003616,Aa123456,FALSE
003617,Aa123456,FALSE
003618,Aa123456,FALSE
003619,Aa123456,FALSE
003620,Aa123456,FALSE
003621,Aa123456,FALSE
003622,Aa123456,FALSE
003623,Aa123456,FALSE
003624,Aa123456,FALSE
003625,Aa123456,FALSE
003626,Aa123456,FALSE
003627,Aa123456,FALSE
003628,Aa123456,FALSE
003629,Aa123456,FALSE
003630,Aa123456,FALSE
003631,Aa123456,FALSE
003632,Aa123456,FALSE
003633,Aa123456,FALSE
003634,Aa123456,FALSE
003635,Aa123456,FALSE
003636,Aa123456,FALSE
003637,Aa123456,FALSE
003638,Aa123456,FALSE
003639,Aa123456,FALSE
003640,Aa123456,FALSE
003641,Aa123456,FALSE
003642,Aa123456,FALSE
003643,Aa123456,FALSE
003644,Aa123456,FALSE
003645,Aa123456,FALSE
003646,Aa123456,FALSE
003647,Aa123456,FALSE
003648,Aa123456,FALSE
003649,Aa123456,FALSE
003650,Aa123456,FALSE
003651,Aa123456,FALSE
003652,Aa123456,FALSE
003653,Aa123456,FALSE
003654,Aa123456,FALSE
003655,Aa123456,FALSE
003656,Aa123456,FALSE
003657,Aa123456,FALSE
003658,Aa123456,FALSE
003659,Aa123456,FALSE
003660,Aa123456,FALSE
003661,Aa123456,FALSE
003662,Aa123456,FALSE
003663,Aa123456,FALSE
003664,Aa123456,FALSE
003665,Aa123456,FALSE
003666,Aa123456,FALSE
003667,Aa123456,FALSE
003668,Aa123456,FALSE
003669,Aa123456,FALSE
003670,Aa123456,FALSE
003671,Aa123456,FALSE
003672,Aa123456,FALSE
003673,Aa123456,FALSE
003674,Aa123456,FALSE
003675,Aa123456,FALSE
003676,Aa123456,FALSE
003677,Aa123456,FALSE
003678,Aa123456,FALSE
003679,Aa123456,FALSE
003680,Aa123456,FALSE
003681,Aa123456,FALSE
003682,Aa123456,FALSE
003683,Aa123456,FALSE
003684,Aa123456,FALSE
003685,Aa123456,FALSE
003686,Aa123456,FALSE
003687,Aa123456,FALSE
003688,Aa123456,FALSE
003689,Aa123456,FALSE
003690,Aa123456,FALSE
003691,Aa123456,FALSE
003692,Aa123456,FALSE
003693,Aa123456,FALSE
003694,Aa123456,FALSE
003695,Aa123456,FALSE
003696,Aa123456,FALSE
003697,Aa123456,FALSE
003698,Aa123456,FALSE
003699,Aa123456,FALSE
003700,Aa123456,FALSE
003701,Aa123456,FALSE
003702,Aa123456,FALSE
003703,Aa123456,FALSE
003704,Aa123456,FALSE
003705,Aa123456,FALSE
003706,Aa123456,FALSE
003707,Aa123456,FALSE
003708,Aa123456,FALSE
003709,Aa123456,FALSE
003710,Aa123456,FALSE
003711,Aa123456,FALSE
003712,Aa123456,FALSE
003713,Aa123456,FALSE
003714,Aa123456,FALSE
003715,Aa123456,FALSE
003716,Aa123456,FALSE
003717,Aa123456,FALSE
003718,Aa123456,FALSE
003719,Aa123456,FALSE
003720,Aa123456,FALSE
003721,Aa123456,FALSE
003722,Aa123456,FALSE
003723,Aa123456,FALSE
003724,Aa123456,FALSE
003725,Aa123456,FALSE
003726,Aa123456,FALSE
003727,Aa123456,FALSE
003728,Aa123456,FALSE
003729,Aa123456,FALSE
003730,Aa123456,FALSE
003731,Aa123456,FALSE
003732,Aa123456,FALSE
003733,Aa123456,FALSE
003734,Aa123456,FALSE
003735,Aa123456,FALSE
003736,Aa123456,FALSE
003737,Aa123456,FALSE
003738,Aa123456,FALSE
003739,Aa123456,FALSE
003740,Aa123456,FALSE
003741,Aa123456,FALSE
003742,Aa123456,FALSE
003743,Aa123456,FALSE
003744,Aa123456,FALSE
003745,Aa123456,FALSE
003746,Aa123456,FALSE
003747,Aa123456,FALSE
003748,Aa123456,FALSE
003749,Aa123456,FALSE
003750,Aa123456,FALSE
003751,Aa123456,FALSE
003752,Aa123456,FALSE
003753,Aa123456,FALSE
003754,Aa123456,FALSE
003755,Aa123456,FALSE
003756,Aa123456,FALSE
003757,Aa123456,FALSE
003758,Aa123456,FALSE
003759,Aa123456,FALSE
003760,Aa123456,FALSE
003761,Aa123456,FALSE
003762,Aa123456,FALSE
003763,Aa123456,FALSE
003764,Aa123456,FALSE
003765,Aa123456,FALSE
003766,Aa123456,FALSE
003767,Aa123456,FALSE
003768,Aa123456,FALSE
003769,Aa123456,FALSE
003770,Aa123456,FALSE
003771,Aa123456,FALSE
003772,Aa123456,FALSE
003773,Aa123456,FALSE
003774,Aa123456,FALSE
003775,Aa123456,FALSE
003776,Aa123456,FALSE
003777,Aa123456,FALSE
003778,Aa123456,FALSE
003779,Aa123456,FALSE
003780,Aa123456,FALSE
003781,Aa123456,FALSE
003782,Aa123456,FALSE
003783,Aa123456,FALSE
003784,Aa123456,FALSE
003785,Aa123456,FALSE
003786,Aa123456,FALSE
003787,Aa123456,FALSE
003788,Aa123456,FALSE
003789,Aa123456,FALSE
003790,Aa123456,FALSE
003791,Aa123456,FALSE
003792,Aa123456,FALSE
003793,Aa123456,FALSE
003794,Aa123456,FALSE
003795,Aa123456,FALSE
003796,Aa123456,FALSE
003797,Aa123456,FALSE
003798,Aa123456,FALSE
003799,Aa123456,FALSE
003800,Aa123456,FALSE
003801,Aa123456,FALSE
003802,Aa123456,FALSE
003803,Aa123456,FALSE
003804,Aa123456,FALSE
003805,Aa123456,FALSE
003806,Aa123456,FALSE
003807,Aa123456,FALSE
003808,Aa123456,FALSE
003809,Aa123456,FALSE
003810,Aa123456,FALSE
003811,Aa123456,FALSE
003812,Aa123456,FALSE
003813,Aa123456,FALSE
003814,Aa123456,FALSE
003815,Aa123456,FALSE
003816,Aa123456,FALSE
003817,Aa123456,FALSE
003818,Aa123456,FALSE
003819,Aa123456,FALSE
003820,Aa123456,FALSE
003821,Aa123456,FALSE
003822,Aa123456,FALSE
003823,Aa123456,FALSE
003824,Aa123456,FALSE
003825,Aa123456,FALSE
003826,Aa123456,FALSE
003827,Aa123456,FALSE
003828,Aa123456,FALSE
003829,Aa123456,FALSE
003830,Aa123456,FALSE
003831,Aa123456,FALSE
003832,Aa123456,FALSE
003833,Aa123456,FALSE
003834,Aa123456,FALSE
003835,Aa123456,FALSE
003836,Aa123456,FALSE
003837,Aa123456,FALSE
003838,Aa123456,FALSE
003839,Aa123456,FALSE
003840,Aa123456,FALSE
003841,Aa123456,FALSE
003842,Aa123456,FALSE
003843,Aa123456,FALSE
003844,Aa123456,FALSE
003845,Aa123456,FALSE
003846,Aa123456,FALSE
003847,Aa123456,FALSE
003848,Aa123456,FALSE
003849,Aa123456,FALSE
003850,Aa123456,FALSE
003851,Aa123456,FALSE
003852,Aa123456,FALSE
003853,Aa123456,FALSE
003854,Aa123456,FALSE
003855,Aa123456,FALSE
003856,Aa123456,FALSE
003857,Aa123456,FALSE
003858,Aa123456,FALSE
003859,Aa123456,FALSE
003860,Aa123456,FALSE
003861,Aa123456,FALSE
003862,Aa123456,FALSE
003863,Aa123456,FALSE
003864,Aa123456,FALSE
003865,Aa123456,FALSE
003866,Aa123456,FALSE
003867,Aa123456,FALSE
003868,Aa123456,FALSE
003869,Aa123456,FALSE
003870,Aa123456,FALSE
003871,Aa123456,FALSE
003872,Aa123456,FALSE
003873,Aa123456,FALSE
003874,Aa123456,FALSE
003875,Aa123456,FALSE
003876,Aa123456,FALSE
003877,Aa123456,FALSE
003878,Aa123456,FALSE
003879,Aa123456,FALSE
003880,Aa123456,FALSE
003881,Aa123456,FALSE
003882,Aa123456,FALSE
003883,Aa123456,FALSE
003884,Aa123456,FALSE
003885,Aa123456,FALSE
003886,Aa123456,FALSE
003887,Aa123456,FALSE
003888,Aa123456,FALSE
003889,Aa123456,FALSE
003890,Aa123456,FALSE
003891,Aa123456,FALSE
003892,Aa123456,FALSE
003893,Aa123456,FALSE
003894,Aa123456,FALSE
003895,Aa123456,FALSE
003896,Aa123456,FALSE
003897,Aa123456,FALSE
003898,Aa123456,FALSE
003899,Aa123456,FALSE
003900,Aa123456,FALSE
003901,Aa123456,FALSE
003902,Aa123456,FALSE
003903,Aa123456,FALSE
003904,Aa123456,FALSE
003905,Aa123456,FALSE
003906,Aa123456,FALSE
003907,Aa123456,FALSE
003908,Aa123456,FALSE
003909,Aa123456,FALSE
003910,Aa123456,FALSE
003911,Aa123456,FALSE
003912,Aa123456,FALSE
003913,Aa123456,FALSE
003914,Aa123456,FALSE
003915,Aa123456,FALSE
003916,Aa123456,FALSE
003917,Aa123456,FALSE
003918,Aa123456,FALSE
003919,Aa123456,FALSE
003920,Aa123456,FALSE
003921,Aa123456,FALSE
003922,Aa123456,FALSE
003923,Aa123456,FALSE
003924,Aa123456,FALSE
003925,Aa123456,FALSE
003926,Aa123456,FALSE
003927,Aa123456,FALSE
003928,Aa123456,FALSE
003929,Aa123456,FALSE
003930,Aa123456,FALSE
003931,Aa123456,FALSE
003932,Aa123456,FALSE
003933,Aa123456,FALSE
003934,Aa123456,FALSE
003935,Aa123456,FALSE
003936,Aa123456,FALSE
003937,Aa123456,FALSE
003938,Aa123456,FALSE
003939,Aa123456,FALSE
003940,Aa123456,FALSE
003941,Aa123456,FALSE
